,book,character
0,Category:The Lightning Thief characters,Alecto
1,Category:The Lightning Thief characters,Annabeth Chase
2,Category:The Lightning Thief characters,Ares
3,Category:The Lightning Thief characters,Argus
4,Category:The Lightning Thief characters,Barbara Walters
5,Category:The Lightning Thief characters,Big Three
6,Category:The Lightning Thief characters,Bobby Chase
7,Category:The Lightning Thief characters,Nancy Bobofit
8,Category:The Lightning Thief characters,Luke Castellan
9,Category:The Lightning Thief characters,Castor
10,Category:The Lightning Thief characters,Centaur
11,Category:The Lightning Thief characters,Cerberus
12,Category:The Lightning Thief characters,Charon
13,Category:The Lightning Thief characters,Chimera
14,Category:The Lightning Thief characters,Chiron
15,Category:The Lightning Thief characters,Darrin
16,Category:The Lightning Thief characters,Dionysus
17,Category:The Lightning Thief characters,Dryad
18,Category:The Lightning Thief characters,Echidna
19,Category:The Lightning Thief characters,Eddie
20,Category:The Lightning Thief characters,Eddie (smuggler)
21,Category:The Lightning Thief characters,Elevator Security Guard
22,Category:The Lightning Thief characters,Fates
23,Category:The Lightning Thief characters,Ferdinand Underwood
24,Category:The Lightning Thief characters,Frederick Chase
25,Category:The Lightning Thief characters,Furies
26,Category:The Lightning Thief characters,Gabe Ugliano
27,Category:The Lightning Thief characters,Ghoul
28,Category:The Lightning Thief characters,Gladiola
29,Category:The Lightning Thief characters,Gorgon
30,Category:The Lightning Thief characters,Grover Underwood
31,Category:The Lightning Thief characters,Hades
32,Category:The Lightning Thief characters,Hellhound
33,Category:The Lightning Thief characters,Hermes
34,Category:The Lightning Thief characters,Hestia
35,Category:The Lightning Thief characters,Sally Jackson
36,Category:The Lightning Thief characters,Kronos
37,Category:The Lightning Thief characters,Clarisse La Rue
38,Category:The Lightning Thief characters,Lotus Eaters
39,Category:The Lightning Thief characters,Matthew Chase
40,Category:The Lightning Thief characters,Maurice
41,Category:The Lightning Thief characters,Mechanical Spider
42,Category:The Lightning Thief characters,Medusa
43,Category:The Lightning Thief characters,Megaera
44,Category:The Lightning Thief characters,Minotaur
45,Category:The Lightning Thief characters,Mr. Nicoll
46,Category:The Lightning Thief characters,Mrs. Chase
47,Category:The Lightning Thief characters,Mrs. Kerr
48,Category:The Lightning Thief characters,Muses
49,Category:The Lightning Thief characters,Naiad
50,Category:The Lightning Thief characters,Nereid
51,Category:The Lightning Thief characters,Olympians
52,Category:The Lightning Thief characters,Oracle of Delphi
53,Category:The Lightning Thief characters,Pasiphaë
54,Category:The Lightning Thief characters,Percy Jackson
55,Category:The Lightning Thief characters,Pit Scorpion
56,Category:The Lightning Thief characters,Pollux
57,Category:The Lightning Thief characters,Poseidon
58,Category:The Lightning Thief characters,Procrustes
59,Category:The Lightning Thief characters,Searcher
60,Category:The Lightning Thief characters,Sisyphus
61,Category:The Lightning Thief characters,Sugar
62,Category:The Lightning Thief characters,Tartarus (primordial)
63,Category:The Lightning Thief characters,Terpsichore
64,Category:The Lightning Thief characters,The Oracle of Delphi (Character)
65,Category:The Lightning Thief characters,Tisiphone
66,Category:The Lightning Thief characters,Water Nymph
67,Category:The Lightning Thief characters,Zeus
68,Category:The Sea of Monsters characters,Aeneas
69,Category:The Sea of Monsters characters,Agrius
70,Category:The Sea of Monsters characters,Anger
71,Category:The Sea of Monsters characters,Annabeth Chase
72,Category:The Sea of Monsters characters,Ares
73,Category:The Sea of Monsters characters,Argus
74,Category:The Sea of Monsters characters,Athena
75,Category:The Sea of Monsters characters,Big Three
76,Category:The Sea of Monsters characters,Blackjack
77,Category:The Sea of Monsters characters,Carnivorous Sheep
78,Category:The Sea of Monsters characters,Luke Castellan
79,Category:The Sea of Monsters characters,Centaur
80,Category:The Sea of Monsters characters,Charles Beckendorf
81,Category:The Sea of Monsters characters,Charybdis
82,Category:The Sea of Monsters characters,Chiron
83,Category:The Sea of Monsters characters,Chris Rodriguez
84,Category:The Sea of Monsters characters,Circe
85,Category:The Sea of Monsters characters,Colchis Bull
86,Category:The Sea of Monsters characters,Corey Bailer
87,Category:The Sea of Monsters characters,Cyclops
88,Category:The Sea of Monsters characters,Dionysus
89,Category:The Sea of Monsters characters,Draco Aionius
90,Category:The Sea of Monsters characters,Dragon
91,Category:The Sea of Monsters characters,Dryad
92,Category:The Sea of Monsters characters,Edward Teach
93,Category:The Sea of Monsters characters,Ganymede
94,Category:The Sea of Monsters characters,George
95,Category:The Sea of Monsters characters,Giant
96,Category:The Sea of Monsters characters,Gray Sisters
97,Category:The Sea of Monsters characters,Grover Underwood
98,Category:The Sea of Monsters characters,Harpy
99,Category:The Sea of Monsters characters,Hermes
100,Category:The Sea of Monsters characters,Hippocampus
101,Category:The Sea of Monsters characters,Hydra
102,Category:The Sea of Monsters characters,Hylla Ramírez-Arellano
103,Category:The Sea of Monsters characters,Sally Jackson
104,Category:The Sea of Monsters characters,Joe Bob
105,Category:The Sea of Monsters characters,Kronos
106,Category:The Sea of Monsters characters,Clarisse La Rue
107,Category:The Sea of Monsters characters,Laistrygonian Giant
108,Category:The Sea of Monsters characters,Marrow Sucker
109,Category:The Sea of Monsters characters,Martha
110,Category:The Sea of Monsters characters,Mr. Bonsai
111,Category:The Sea of Monsters characters,Mr. de Milo
112,Category:The Sea of Monsters characters,Mrs. Tesla
113,Category:The Sea of Monsters characters,Coach Nunley
114,Category:The Sea of Monsters characters,Olympians
115,Category:The Sea of Monsters characters,Oracle of Delphi
116,Category:The Sea of Monsters characters,Oreius
117,Category:The Sea of Monsters characters,Party Ponies
118,Category:The Sea of Monsters characters,Peleus
119,Category:The Sea of Monsters characters,Percy Jackson
120,Category:The Sea of Monsters characters,Polyphemus
121,Category:The Sea of Monsters characters,Polyphemus' Sheep
122,Category:The Sea of Monsters characters,Poseidon
123,Category:The Sea of Monsters characters,Rainbow
124,Category:The Sea of Monsters characters,Raj Mandali
125,Category:The Sea of Monsters characters,Scylla
126,Category:The Sea of Monsters characters,Scythian Dracaena
127,Category:The Sea of Monsters characters,Searcher
128,Category:The Sea of Monsters characters,Silena Beauregard
129,Category:The Sea of Monsters characters,Siren
130,Category:The Sea of Monsters characters,Skull Eater
131,Category:The Sea of Monsters characters,Matt Sloan
132,Category:The Sea of Monsters characters,Connor Stoll
133,Category:The Sea of Monsters characters,Stymphalian Birds
134,Category:The Sea of Monsters characters,Tantalus
135,Category:The Sea of Monsters characters,Tempest
136,Category:The Sea of Monsters characters,Thalia Grace
137,Category:The Sea of Monsters characters,Titan Army
138,Category:The Sea of Monsters characters,Travis Stoll
139,Category:The Sea of Monsters characters,Tyson
140,Category:The Sea of Monsters characters,Wasp
141,Category:The Titan's Curse characters,Alcyone
142,Category:The Titan's Curse characters,Angel Statues
143,Category:The Titan's Curse characters,Annabeth Chase
144,Category:The Titan's Curse characters,Aphrodite
145,Category:The Titan's Curse characters,Apollo
146,Category:The Titan's Curse characters,Ares
147,Category:The Titan's Curse characters,Argus
148,Category:The Titan's Curse characters,Ariadne
149,Category:The Titan's Curse characters,Artemis
150,Category:The Titan's Curse characters,Athena
151,Category:The Titan's Curse characters,Atlas
152,Category:The Titan's Curse characters,Bianca di Angelo
153,Category:The Titan's Curse characters,Big Three
154,Category:The Titan's Curse characters,Blackjack
155,Category:The Titan's Curse characters,Paul Blofis
156,Category:The Titan's Curse characters,Bobby Chase
157,Category:The Titan's Curse characters,Luke Castellan
158,Category:The Titan's Curse characters,Centaur
159,Category:The Titan's Curse characters,Charles Beckendorf
160,Category:The Titan's Curse characters,Chiron
161,Category:The Titan's Curse characters,Chuck
162,Category:The Titan's Curse characters,Rachel Elizabeth Dare
163,Category:The Titan's Curse characters,Demeter
164,Category:The Titan's Curse characters,Dionysus
165,Category:The Titan's Curse characters,Dragon
166,Category:The Titan's Curse characters,Dryad
167,Category:The Titan's Curse characters,Erymanthian Boar
168,Category:The Titan's Curse characters,Fates
169,Category:The Titan's Curse characters,Frederick Chase
170,Category:The Titan's Curse characters,Giant
171,Category:The Titan's Curse characters,Grover Underwood
172,Category:The Titan's Curse characters,Guido
173,Category:The Titan's Curse characters,Hank (statue)
174,Category:The Titan's Curse characters,Hephaestus
175,Category:The Titan's Curse characters,Hera
176,Category:The Titan's Curse characters,Hercules
177,Category:The Titan's Curse characters,Hermes
178,Category:The Titan's Curse characters,Hesperides
179,Category:The Titan's Curse characters,Hippocampus
180,Category:The Titan's Curse characters,Hunters of Artemis
181,Category:The Titan's Curse characters,Sally Jackson
182,Category:The Titan's Curse characters,Jason (Greek demigod)
183,Category:The Titan's Curse characters,Kronos
184,Category:The Titan's Curse characters,Clarisse La Rue
185,Category:The Titan's Curse characters,Ladon
186,Category:The Titan's Curse characters,Manticore
187,Category:The Titan's Curse characters,Matthew Chase
188,Category:The Titan's Curse characters,Mrs. Chase
189,Category:The Titan's Curse characters,Ms. Gottschalk
190,Category:The Titan's Curse characters,Muses
191,Category:The Titan's Curse characters,Naiad
192,Category:The Titan's Curse characters,Nemean Lion
193,Category:The Titan's Curse characters,Nereid
194,Category:The Titan's Curse characters,Nereus
195,Category:The Titan's Curse characters,Nico di Angelo
196,Category:The Titan's Curse characters,Zoë Nightshade
197,Category:The Titan's Curse characters,Olympians
198,Category:The Titan's Curse characters,Ophiotaurus
199,Category:The Titan's Curse characters,Oracle of Delphi
200,Category:The Titan's Curse characters,Percy Jackson
201,Category:The Titan's Curse characters,Phoebe (Huntress)
202,Category:The Titan's Curse characters,Porkpie
203,Category:The Titan's Curse characters,Poseidon
204,Category:The Titan's Curse characters,Scythian Dracaena
205,Category:The Titan's Curse characters,Searcher
206,Category:The Titan's Curse characters,Silena Beauregard
207,Category:The Titan's Curse characters,Skeleton Warriors
208,Category:The Titan's Curse characters,Small Bob
209,Category:The Titan's Curse characters,Smithsonian
210,Category:The Titan's Curse characters,Connor Stoll
211,Category:The Titan's Curse characters,Talos
212,Category:The Titan's Curse characters,Talos (prototype)
213,Category:The Titan's Curse characters,Terpsichore
214,Category:The Titan's Curse characters,Thalia Grace
215,Category:The Titan's Curse characters,The Oracle of Delphi (Character)
216,Category:The Titan's Curse characters,Titan Army
217,Category:The Titan's Curse characters,Travis Stoll
218,Category:The Titan's Curse characters,Tyson
219,Category:The Titan's Curse characters,Water Nymph
220,Category:The Titan's Curse characters,Zeus
221,Category:The Battle of the Labyrinth characters,Annabeth Chase
222,Category:The Battle of the Labyrinth characters,Antaeus
223,Category:The Battle of the Labyrinth characters,Apollo's Cattle
224,Category:The Battle of the Labyrinth characters,Argus
225,Category:The Battle of the Labyrinth characters,Bianca di Angelo
226,Category:The Battle of the Labyrinth characters,Big Three
227,Category:The Battle of the Labyrinth characters,Blackjack
228,Category:The Battle of the Labyrinth characters,Paul Blofis
229,Category:The Battle of the Labyrinth characters,Briares
230,Category:The Battle of the Labyrinth characters,Calypso
231,Category:The Battle of the Labyrinth characters,Calypso's Servants
232,Category:The Battle of the Labyrinth characters,Luke Castellan
233,Category:The Battle of the Labyrinth characters,Castor
234,Category:The Battle of the Labyrinth characters,Centaur
235,Category:The Battle of the Labyrinth characters,Charles Beckendorf
236,Category:The Battle of the Labyrinth characters,Chiron
237,Category:The Battle of the Labyrinth characters,Chris Rodriguez
238,Category:The Battle of the Labyrinth characters,Cocalus
239,Category:The Battle of the Labyrinth characters,Cocalus' Daughters
240,Category:The Battle of the Labyrinth characters,Cottus
241,Category:The Battle of the Labyrinth characters,Cyclops
242,Category:The Battle of the Labyrinth characters,Daedalus
243,Category:The Battle of the Labyrinth characters,Rachel Elizabeth Dare
244,Category:The Battle of the Labyrinth characters,Dede (Bird)
245,Category:The Battle of the Labyrinth characters,Dionysus
246,Category:The Battle of the Labyrinth characters,Drakon
247,Category:The Battle of the Labyrinth characters,Dryad
248,Category:The Battle of the Labyrinth characters,Empousa
249,Category:The Battle of the Labyrinth characters,Eurytion
250,Category:The Battle of the Labyrinth characters,Fire-Breathing Horse
251,Category:The Battle of the Labyrinth characters,Flesh-Eating Horse
252,Category:The Battle of the Labyrinth characters,Geryon
253,Category:The Battle of the Labyrinth characters,Giant
254,Category:The Battle of the Labyrinth characters,Giant Scorpion
255,Category:The Battle of the Labyrinth characters,Giant Snake
256,Category:The Battle of the Labyrinth characters,Grover Underwood
257,Category:The Battle of the Labyrinth characters,Guido
258,Category:The Battle of the Labyrinth characters,Gyges
259,Category:The Battle of the Labyrinth characters,Hekatonkheire
260,Category:The Battle of the Labyrinth characters,Hellhound
261,Category:The Battle of the Labyrinth characters,Hephaestus
262,Category:The Battle of the Labyrinth characters,Hera
263,Category:The Battle of the Labyrinth characters,Hippalektryon
264,Category:The Battle of the Labyrinth characters,Icarus
265,Category:The Battle of the Labyrinth characters,Sally Jackson
266,Category:The Battle of the Labyrinth characters,Janus
267,Category:The Battle of the Labyrinth characters,Juniper
268,Category:The Battle of the Labyrinth characters,Kampê
269,Category:The Battle of the Labyrinth characters,Kelli
270,Category:The Battle of the Labyrinth characters,Kronos
271,Category:The Battle of the Labyrinth characters,Clarisse La Rue
272,Category:The Battle of the Labyrinth characters,Laistrygonian Giant
273,Category:The Battle of the Labyrinth characters,Lee Fletcher
274,Category:The Battle of the Labyrinth characters,Leneus
275,Category:The Battle of the Labyrinth characters,Malcolm Pace
276,Category:The Battle of the Labyrinth characters,Maron
277,Category:The Battle of the Labyrinth characters,Mechanical Spider
278,Category:The Battle of the Labyrinth characters,Michael Yew
279,Category:The Battle of the Labyrinth characters,Minos
280,Category:The Battle of the Labyrinth characters,Mr. Dare
281,Category:The Battle of the Labyrinth characters,Naiad
282,Category:The Battle of the Labyrinth characters,Ethan Nakamura
283,Category:The Battle of the Labyrinth characters,Nico di Angelo
284,Category:The Battle of the Labyrinth characters,Mrs. O'Leary
285,Category:The Battle of the Labyrinth characters,Olympians
286,Category:The Battle of the Labyrinth characters,Oracle of Delphi
287,Category:The Battle of the Labyrinth characters,Orthus
288,Category:The Battle of the Labyrinth characters,Pan
289,Category:The Battle of the Labyrinth characters,Percy Jackson
290,Category:The Battle of the Labyrinth characters,Perdix
291,Category:The Battle of the Labyrinth characters,Pollux
292,Category:The Battle of the Labyrinth characters,Porkpie
293,Category:The Battle of the Labyrinth characters,Poseidon
294,Category:The Battle of the Labyrinth characters,Robert
295,Category:The Battle of the Labyrinth characters,Scythian Dracaena
296,Category:The Battle of the Labyrinth characters,Searcher
297,Category:The Battle of the Labyrinth characters,Silena Beauregard
298,Category:The Battle of the Labyrinth characters,Silenus
299,Category:The Battle of the Labyrinth characters,Sphinx
300,Category:The Battle of the Labyrinth characters,Connor Stoll
301,Category:The Battle of the Labyrinth characters,Tammi
302,Category:The Battle of the Labyrinth characters,Telekhine
303,Category:The Battle of the Labyrinth characters,Theseus
304,Category:The Battle of the Labyrinth characters,Titan Army
305,Category:The Battle of the Labyrinth characters,Travis Stoll
306,Category:The Battle of the Labyrinth characters,Tyson
307,Category:The Battle of the Labyrinth characters,Water Nymph
308,Category:The Last Olympian characters,Achilles
309,Category:The Last Olympian characters,Alecto
310,Category:The Last Olympian characters,Amphitrite
311,Category:The Last Olympian characters,Wind Gods
312,Category:The Last Olympian characters,Annabeth Chase
313,Category:The Last Olympian characters,Aphrodite
314,Category:The Last Olympian characters,Apollo
315,Category:The Last Olympian characters,Ares
316,Category:The Last Olympian characters,Argus
317,Category:The Last Olympian characters,Artemis
318,Category:The Last Olympian characters,Athena
319,Category:The Last Olympian characters,Atlas
320,Category:The Last Olympian characters,Austin Lake
321,Category:The Last Olympian characters,Bianca di Angelo
322,Category:The Last Olympian characters,Big Three
323,Category:The Last Olympian characters,Blackjack
324,Category:The Last Olympian characters,Paul Blofis
325,Category:The Last Olympian characters,Bobby Earl
326,Category:The Last Olympian characters,Briares
327,Category:The Last Olympian characters,Luke Castellan
328,Category:The Last Olympian characters,May Castellan
329,Category:The Last Olympian characters,Centaur
330,Category:The Last Olympian characters,Cerberus
331,Category:The Last Olympian characters,Charles Beckendorf
332,Category:The Last Olympian characters,Chiron
333,Category:The Last Olympian characters,Chris Rodriguez
334,Category:The Last Olympian characters,Clazmonian Sow
335,Category:The Last Olympian characters,Cyclops
336,Category:The Last Olympian characters,Rachel Elizabeth Dare
337,Category:The Last Olympian characters,Delphin
338,Category:The Last Olympian characters,Demeter
339,Category:The Last Olympian characters,Dionysus
340,Category:The Last Olympian characters,Dr. Arkwright
341,Category:The Last Olympian characters,Drakon
342,Category:The Last Olympian characters,Dryad
343,Category:The Last Olympian characters,East River Spirit
344,Category:The Last Olympian characters,Elevator Security Guard
345,Category:The Last Olympian characters,Elpis
346,Category:The Last Olympian characters,Empousa
347,Category:The Last Olympian characters,Fates
348,Category:The Last Olympian characters,Ferdinand Underwood
349,Category:The Last Olympian characters,Furies
350,Category:The Last Olympian characters,George
351,Category:The Last Olympian characters,Giant
352,Category:The Last Olympian characters,Giant Badger
353,Category:The Last Olympian characters,Giant Crab
354,Category:The Last Olympian characters,Grover Underwood
355,Category:The Last Olympian characters,Guido
356,Category:The Last Olympian characters,Hades
357,Category:The Last Olympian characters,Hekatonkheire
358,Category:The Last Olympian characters,Hellhound
359,Category:The Last Olympian characters,Hephaestus
360,Category:The Last Olympian characters,Hera
361,Category:The Last Olympian characters,Hermes
362,Category:The Last Olympian characters,Hermes Statue
363,Category:The Last Olympian characters,Hestia
364,Category:The Last Olympian characters,Hippocampus
365,Category:The Last Olympian characters,Hudson River Spirit
366,Category:The Last Olympian characters,Hunters of Artemis
367,Category:The Last Olympian characters,Hyperborean Giant
368,Category:The Last Olympian characters,Hyperion
369,Category:The Last Olympian characters,Sally Jackson
370,Category:The Last Olympian characters,Juniper
371,Category:The Last Olympian characters,Katie Gardner
372,Category:The Last Olympian characters,Kayla Knowles
373,Category:The Last Olympian characters,Koios
374,Category:The Last Olympian characters,Krios
375,Category:The Last Olympian characters,Kronos
376,Category:The Last Olympian characters,Clarisse La Rue
377,Category:The Last Olympian characters,Laistrygonian Giant
378,Category:The Last Olympian characters,Larry
379,Category:The Last Olympian characters,Leneus
380,Category:The Last Olympian characters,Lion Statues
381,Category:The Last Olympian characters,Lydian Drakon
382,Category:The Last Olympian characters,Malcolm Pace
383,Category:The Last Olympian characters,Maria di Angelo
384,Category:The Last Olympian characters,Mark
385,Category:The Last Olympian characters,Maron
386,Category:The Last Olympian characters,Martha
387,Category:The Last Olympian characters,Jake Mason
388,Category:The Last Olympian characters,Merperson
389,Category:The Last Olympian characters,Michael Yew
390,Category:The Last Olympian characters,Minotaur
391,Category:The Last Olympian characters,Morpheus
392,Category:The Last Olympian characters,Morrain
393,Category:The Last Olympian characters,Mr. Dare
394,Category:The Last Olympian characters,Mrs. Dare
395,Category:The Last Olympian characters,Muses
396,Category:The Last Olympian characters,Naiad
397,Category:The Last Olympian characters,Ethan Nakamura
398,Category:The Last Olympian characters,Nereid
399,Category:The Last Olympian characters,Nico di Angelo
400,Category:The Last Olympian characters,Notus
401,Category:The Last Olympian characters,Mrs. O'Leary
402,Category:The Last Olympian characters,Oceanus
403,Category:The Last Olympian characters,Olympians
404,Category:The Last Olympian characters,Ophiotaurus
405,Category:The Last Olympian characters,Oracle of Delphi
406,Category:The Last Olympian characters,Owen
407,Category:The Last Olympian characters,Party Ponies
408,Category:The Last Olympian characters,Peleus
409,Category:The Last Olympian characters,Percy Jackson
410,Category:The Last Olympian characters,Persephone
411,Category:The Last Olympian characters,Phoebe (Huntress)
412,Category:The Last Olympian characters,Pollux
413,Category:The Last Olympian characters,Pomona
414,Category:The Last Olympian characters,Pompona's Statue
415,Category:The Last Olympian characters,Porkpie
416,Category:The Last Olympian characters,Poseidon
417,Category:The Last Olympian characters,Prometheus
418,Category:The Last Olympian characters,Queen Sess
419,Category:The Last Olympian characters,Rainbow
420,Category:The Last Olympian characters,River Spirit
421,Category:The Last Olympian characters,Scythian Dracaena
422,Category:The Last Olympian characters,Sherman Yang
423,Category:The Last Olympian characters,Silena Beauregard
424,Category:The Last Olympian characters,Will Solace
425,Category:The Last Olympian characters,Connor Stoll
426,Category:The Last Olympian characters,Telekhine
427,Category:The Last Olympian characters,Thalia Grace
428,Category:The Last Olympian characters,The Oracle of Delphi (Character)
429,Category:The Last Olympian characters,Tisiphone
430,Category:The Last Olympian characters,Titan Army
431,Category:The Last Olympian characters,Travis Stoll
432,Category:The Last Olympian characters,Triton
433,Category:The Last Olympian characters,Typhon
434,Category:The Last Olympian characters,Tyson
435,Category:The Last Olympian characters,William H. Seward's Statue
436,Category:The Last Olympian characters,Zeus
